State/UT,District,Households_Rural,Households_Rural_Livable,Households_Rural_Dilapidated,Households_Rural_Toilet_Premise,Households_Urban,Households_Urban_Livable,Households_Urban_Dilapidated,Households_Urban_Toilet_Premise
jammu and kashmir,kupwara,158438.0,92052.0,13150.0,77476.0,23226.0,11496.0,1114.0,16304.0
jammu and kashmir,badgam,160649.0,74380.0,6265.0,133820.0,27190.0,9190.0,706.0,24579.0
jammu and kashmir,kargil,40370.0,29591.0,1412.0,39078.0,7774.0,5348.0,93.0,7579.0
jammu and kashmir,punch,132139.0,78622.0,3171.0,18103.0,15269.0,4168.0,122.0,11497.0
jammu and kashmir,rajouri,196070.0,103721.0,5293.0,19999.0,17508.0,3256.0,297.0,14969.0
jammu and kashmir,kathua,181374.0,66564.0,6348.0,25755.0,33473.0,9037.0,1037.0,22460.0
jammu and kashmir,baramula,210543.0,97060.0,11158.0,156433.0,48932.0,16636.0,2446.0,45262.0
jammu and kashmir,bandipore,80521.0,43239.0,5958.0,56445.0,17555.0,5442.0,754.0,16554.0
jammu and kashmir,srinagar,4518.0,1734.0,284.0,4007.0,257721.0,59791.0,5669.0,252824.0
jammu and kashmir,ganderbal,63788.0,30235.0,6059.0,44332.0,13558.0,2982.0,610.0,12378.0
jammu and kashmir,pulwama,147520.0,63433.0,6785.0,92495.0,21703.0,9202.0,651.0,19771.0
jammu and kashmir,shupiyan,75616.0,25104.0,4461.0,44613.0,5272.0,1813.0,173.0,4997.0
jammu and kashmir,anantnag,207067.0,89660.0,10560.0,105190.0,70666.0,20139.0,2190.0,53352.0
jammu and kashmir,kulgam,95952.0,47016.0,4509.0,40011.0,25178.0,10574.0,1057.0,14729.0
jammu and kashmir,doda,122267.0,73360.0,1956.0,29344.0,11350.0,2689.0,329.0,10600.0
jammu and kashmir,ramban,84281.0,43404.0,1769.0,15002.0,5341.0,1030.0,128.0,4417.0
jammu and kashmir,kishtwar,72378.0,37636.0,2460.0,14475.0,5993.0,809.0,41.0,5597.0
jammu and kashmir,udhampur,148664.0,66452.0,2973.0,11001.0,34696.0,5898.0,624.0,26056.0
jammu and kashmir,reasi,95572.0,52469.0,1433.0,8601.0,12261.0,4843.0,134.0,9661.0
jammu and kashmir,jammu,254566.0,97753.0,12473.0,62623.0,248043.0,56057.0,8433.0,210588.0
jammu and kashmir,samba,94247.0,28745.0,3110.0,24504.0,19989.0,3558.0,219.0,14132.0
himachal pradesh,chamba,186395.0,70830.0,4287.0,90960.0,13836.0,2573.0,96.0,12037.0
himachal pradesh,kangra,588321.0,148845.0,8236.0,378878.0,39007.0,7411.0,624.0,32102.0
himachal pradesh,lahul and spiti,17434.0,5875.0,139.0,13615.0,,,,
himachal pradesh,kullu,167995.0,46198.0,2015.0,91053.0,20709.0,3189.0,269.0,18762.0
himachal pradesh,mandi,431129.0,120716.0,6898.0,353525.0,31696.0,5483.0,221.0,29160.0
himachal pradesh,hamirpur,196116.0,42361.0,1961.0,174739.0,15232.0,2619.0,91.0,14059.0
himachal pradesh,una,185091.0,46828.0,2591.0,108833.0,20126.0,4910.0,966.0,15013.0
himachal pradesh,bilaspur,152458.0,41011.0,1981.0,104891.0,11987.0,2025.0,95.0,11207.0
himachal pradesh,solan,192787.0,47232.0,3662.0,133023.0,51509.0,9632.0,721.0,46255.0
himachal pradesh,sirmaur,171102.0,52870.0,4790.0,97357.0,21054.0,4147.0,210.0,20232.0
himachal pradesh,shimla,279269.0,68141.0,6423.0,167002.0,95896.0,17357.0,1246.0,86977.0
himachal pradesh,kinnaur,44514.0,13042.0,445.0,30803.0,,,,
punjab,gurdaspur,420860.0,207904.0,37877.0,210850.0,185488.0,76235.0,9645.0,158777.0
punjab,kapurthala,165433.0,68489.0,10091.0,128045.0,95770.0,30646.0,3926.0,90119.0
punjab,jalandhar,330339.0,154268.0,20481.0,251057.0,377791.0,143938.0,18133.0,361923.0
punjab,hoshiarpur,422673.0,173295.0,27473.0,240923.0,128592.0,44107.0,6301.0,114318.0
punjab,shahid bhagat singh nagar,183168.0,73450.0,9891.0,122356.0,48383.0,17417.0,3144.0,41173.0
punjab,fatehgarh sahib,117559.0,45965.0,7523.0,96986.0,57337.0,20239.0,2580.0,53839.0
punjab,ludhiana,395032.0,178159.0,28047.0,345653.0,641789.0,262491.0,31447.0,621893.0
punjab,moga,214295.0,96861.0,15857.0,183007.0,74144.0,25802.0,4967.0,70214.0
punjab,firozpur,348522.0,177397.0,37640.0,232115.0,153868.0,63239.0,10924.0,139558.0
punjab,muktsar,149507.0,78939.0,15997.0,108093.0,74650.0,30083.0,6793.0,67035.0
punjab,faridkot,99946.0,48973.0,7695.0,80056.0,58917.0,23802.0,4772.0,54674.0
punjab,bathinda,218159.0,111479.0,16143.0,183908.0,137563.0,44570.0,7428.0,128071.0
punjab,mansa,145603.0,67705.0,10483.0,91584.0,50786.0,17318.0,2996.0,43168.0
punjab,patiala,299279.0,143653.0,21248.0,231342.0,218090.0,70224.0,9159.0,211329.0
punjab,amritsar,275477.0,152063.0,21487.0,167490.0,385476.0,163827.0,20815.0,360034.0
punjab,tarn taran,222717.0,124053.0,18040.0,144320.0,44457.0,19383.0,3156.0,38988.0
punjab,rupnagar,148162.0,52745.0,8889.0,84304.0,60537.0,16708.0,3026.0,55512.0
punjab,sahibzada ajit singh nagar,117293.0,50670.0,8562.0,71196.0,174042.0,41247.0,6613.0,160814.0
punjab,sangrur,292156.0,133515.0,17821.0,229634.0,156788.0,53935.0,7369.0,144244.0
punjab,barnala,102577.0,50980.0,6667.0,82266.0,54222.0,22231.0,3199.0,48908.0
chandigarh,chandigarh,8911.0,4179.0,249.0,7841.0,289456.0,76995.0,10130.0,253563.0
uttarakhand,uttarkashi,112148.0,30279.0,3364.0,44298.0,9061.0,1440.0,72.0,8290.0
uttarakhand,chamoli,163434.0,42983.0,4085.0,76813.0,22906.0,2657.0,206.0,20042.0
uttarakhand,rudraprayag,112705.0,22315.0,2141.0,57479.0,4454.0,432.0,13.0,4079.0
uttarakhand,tehri garhwal,227059.0,62668.0,6357.0,113756.0,27177.0,2880.0,190.0,26062.0
uttarakhand,dehradun,228245.0,60941.0,8901.0,170270.0,269393.0,54956.0,6465.0,256462.0
uttarakhand,garhwal,279682.0,70200.0,5034.0,135086.0,36780.0,5296.0,404.0,34830.0
uttarakhand,pithoragarh,183687.0,46656.0,4224.0,88169.0,26256.0,2599.0,131.0,25337.0
uttarakhand,bageshwar,96031.0,24103.0,2784.0,51376.0,3880.0,353.0,34.0,3492.0
uttarakhand,almora,260056.0,62673.0,4420.0,134188.0,21082.0,3056.0,274.0,19374.0
uttarakhand,champawat,85202.0,34336.0,5112.0,34421.0,12839.0,3607.0,757.0,10258.0
uttarakhand,nainital,193086.0,61208.0,9847.0,134001.0,105577.0,20904.0,3167.0,100086.0
uttarakhand,udham singh nagar,269406.0,123657.0,18050.0,153292.0,145253.0,52872.0,5810.0,133632.0
uttarakhand,hardwar,301828.0,145782.0,15996.0,151517.0,186183.0,47104.0,4096.0,172405.0
haryana,panchkula,70895.0,24955.0,3473.0,31193.0,93656.0,21259.0,4401.0,82042.0
haryana,ambala,175365.0,77511.0,7540.0,89611.0,139891.0,39729.0,4616.0,124922.0
haryana,yamunanagar,214464.0,101012.0,13725.0,98653.0,143259.0,48564.0,5730.0,131655.0
haryana,kurukshetra,203553.0,93634.0,8752.0,140655.0,88268.0,26127.0,3089.0,81559.0
haryana,kaithal,231091.0,112079.0,11092.0,133339.0,75696.0,27931.0,3103.0,62600.0
haryana,karnal,292682.0,139023.0,14341.0,200779.0,135920.0,39824.0,3533.0,124502.0
haryana,panipat,173502.0,82586.0,7287.0,115725.0,153804.0,59983.0,4460.0,145959.0
haryana,sonipat,283858.0,142496.0,13341.0,159528.0,133576.0,47553.0,4541.0,123157.0
haryana,jind,278335.0,142229.0,13916.0,142785.0,89665.0,30396.0,2510.0,78546.0
haryana,fatehabad,203020.0,94201.0,11572.0,148001.0,55360.0,18711.0,2712.0,50322.0
haryana,sirsa,245476.0,102363.0,14483.0,214791.0,93316.0,30794.0,3825.0,89490.0
haryana,hisar,302013.0,140436.0,16610.0,188758.0,154113.0,49624.0,5085.0,137931.0
haryana,bhiwani,357047.0,163884.0,18923.0,175667.0,99235.0,41281.0,4366.0,86135.0
haryana,rohtak,175203.0,86375.0,8234.0,102318.0,131739.0,43869.0,3556.0,121331.0
haryana,jhajjar,211816.0,95529.0,10378.0,123912.0,78328.0,32036.0,3524.0,71826.0
haryana,mahendragarh,223726.0,94188.0,6935.0,87253.0,44216.0,16448.0,1238.0,34134.0
haryana,rewari,199449.0,83170.0,6581.0,99325.0,69305.0,21484.0,1663.0,60849.0
haryana,gurgaon,141703.0,55689.0,4534.0,92957.0,381988.0,104664.0,14897.0,350282.0
haryana,mewat,187398.0,109440.0,16865.0,33356.0,36237.0,14929.0,1739.0,22648.0
haryana,faridabad,87700.0,37886.0,3771.0,51392.0,382981.0,149745.0,9191.0,341619.0
haryana,palwal,186069.0,95081.0,11722.0,59728.0,63090.0,22838.0,2271.0,52238.0
nct of delhi,north west,67592.0,31497.0,3041.0,43326.0,959275.0,329990.0,31656.0,824017.0
nct of delhi,north,4512.0,1141.0,40.0,4421.0,296559.0,110023.0,10379.0,266606.0
nct of delhi,north east,5326.0,1938.0,149.0,5059.0,482255.0,171682.0,9645.0,458624.0
nct of delhi,east,1086.0,72.0,13.0,1065.0,461132.0,111593.0,8761.0,430697.0
nct of delhi,west,1809.0,873.0,32.0,1575.0,699703.0,201514.0,19591.0,629032.0
nct of delhi,south west,41179.0,14618.0,1358.0,36113.0,606503.0,168001.0,15769.0,553130.0
nct of delhi,south,2918.0,1205.0,134.0,2643.0,728145.0,220627.0,21116.0,640767.0
rajasthan,ganganagar,397697.0,167430.0,9942.0,323327.0,164897.0,53096.0,5441.0,154343.0
rajasthan,hanumangarh,389059.0,143173.0,9337.0,320195.0,108694.0,34999.0,3369.0,102063.0
rajasthan,bikaner,335754.0,169891.0,16451.0,99047.0,196179.0,53556.0,3335.0,181661.0
rajasthan,churu,344897.0,135199.0,20004.0,162101.0,148996.0,45294.0,3277.0,130371.0
rajasthan,jhunjhunun,500452.0,122110.0,12010.0,228706.0,150357.0,38190.0,2706.0,124044.0
rajasthan,alwar,782294.0,309006.0,28162.0,115779.0,212967.0,61334.0,3407.0,168882.0
rajasthan,bharatpur,,,,,129697.0,54472.0,3112.0,90139.0
rajasthan,dhaulpur,214670.0,125367.0,14168.0,10304.0,58626.0,23333.0,2051.0,36817.0
rajasthan,karauli,305047.0,190349.0,17082.0,25013.0,59308.0,24612.0,1838.0,37008.0
rajasthan,sawai madhopur,282057.0,155695.0,12410.0,24821.0,71264.0,24799.0,1852.0,51452.0
rajasthan,dausa,361084.0,170070.0,19137.0,33580.0,59610.0,15975.0,834.0,45899.0
rajasthan,jaipur,754841.0,321562.0,31703.0,166065.0,977838.0,264994.0,11734.0,886899.0
rajasthan,sikar,527560.0,165653.0,14771.0,212079.0,178274.0,47955.0,2852.0,150998.0
rajasthan,nagaur,675712.0,313530.0,42569.0,179063.0,166489.0,53276.0,3995.0,134190.0
rajasthan,jodhpur,584215.0,289186.0,30379.0,80037.0,307442.0,79320.0,5226.0,277005.0
rajasthan,jaisalmer,159117.0,89264.0,5091.0,26572.0,30830.0,12455.0,524.0,20501.0
rajasthan,barmer,542825.0,322438.0,28769.0,52654.0,55980.0,16234.0,1399.0,46351.0
rajasthan,jalor,419216.0,218411.0,35214.0,47371.0,48202.0,17593.0,1928.0,29837.0
rajasthan,sirohi,238535.0,121175.0,16458.0,38642.0,69639.0,18663.0,1323.0,47493.0
rajasthan,pali,512909.0,256967.0,27697.0,95913.0,139808.0,46416.0,3495.0,96607.0
rajasthan,ajmer,409335.0,204258.0,13917.0,57716.0,274919.0,76702.0,3024.0,236980.0
rajasthan,tonk,298911.0,161710.0,5679.0,20624.0,81755.0,29677.0,2043.0,53713.0
rajasthan,bundi,239836.0,135027.0,8154.0,19906.0,63452.0,21319.0,1269.0,40736.0
rajasthan,bhilwara,530015.0,294158.0,19080.0,55651.0,145865.0,43905.0,1896.0,108961.0
rajasthan,rajsamand,304622.0,166323.0,12794.0,34422.0,61054.0,18865.0,610.0,43592.0
rajasthan,dungarpur,322816.0,200468.0,20014.0,29376.0,31547.0,8076.0,662.0,23376.0
rajasthan,banswara,390437.0,267839.0,35529.0,26940.0,39407.0,9260.0,906.0,32510.0
rajasthan,chittaurgarh,366780.0,201362.0,13204.0,35210.0,88873.0,23817.0,1599.0,64432.0
rajasthan,kota,203454.0,94199.0,5696.0,25024.0,311735.0,91338.0,5922.0,239412.0
rajasthan,baran,249184.0,126336.0,7724.0,18688.0,69804.0,24361.0,1396.0,39997.0
rajasthan,jhalawar,298624.0,178278.0,12840.0,21500.0,63763.0,19128.0,1339.0,42657.0
rajasthan,udaipur,665449.0,399934.0,25287.0,61886.0,182769.0,40209.0,2193.0,157546.0
rajasthan,pratapgarh,209813.0,132601.0,5245.0,13008.0,24269.0,5824.0,339.0,17012.0
uttar pradesh,saharanpur,605082.0,281363.0,34489.0,259580.0,284156.0,105990.0,8808.0,261423.0
uttar pradesh,muzaffarnagar,673746.0,338220.0,30992.0,369886.0,296104.0,118441.0,9475.0,274192.0
uttar pradesh,bijnor,683875.0,359718.0,37613.0,344673.0,224648.0,95924.0,7188.0,207574.0
uttar pradesh,moradabad,692398.0,439672.0,41543.0,330966.0,355518.0,164249.0,11376.0,332764.0
uttar pradesh,rampur,396775.0,257506.0,24600.0,223781.0,143217.0,69460.0,5585.0,135053.0
uttar pradesh,jyotiba phule nagar,335888.0,203212.0,19817.0,135362.0,115486.0,58551.0,4619.0,106247.0
uttar pradesh,meerut,381520.0,190378.0,15642.0,202587.0,422303.0,151606.0,8868.0,392319.0
uttar pradesh,baghpat,246055.0,128686.0,7873.0,144680.0,69991.0,32545.0,2169.0,60542.0
uttar pradesh,ghaziabad,355407.0,180191.0,12794.0,212533.0,836316.0,285183.0,15053.0,792827.0
uttar pradesh,gautam buddha nagar,170835.0,72263.0,4100.0,88321.0,338935.0,95240.0,4406.0,310125.0
uttar pradesh,bulandshahr,658449.0,370706.0,28313.0,203460.0,221628.0,95964.0,6205.0,188383.0
uttar pradesh,aligarh,582117.0,330060.0,25031.0,124573.0,275942.0,116999.0,7450.0,232895.0
uttar pradesh,mahamaya nagar,288150.0,158770.0,12102.0,47544.0,84883.0,39385.0,2716.0,61709.0
uttar pradesh,mathura,407488.0,217191.0,16299.0,79867.0,177802.0,72009.0,4089.0,144375.0
uttar pradesh,agra,496971.0,262897.0,21369.0,82497.0,406852.0,155417.0,7730.0,333618.0
uttar pradesh,firozabad,349747.0,201454.0,23433.0,39871.0,185621.0,96708.0,7424.0,152394.0
uttar pradesh,mainpuri,338475.0,180745.0,25385.0,45694.0,72783.0,30277.0,3202.0,54878.0
uttar pradesh,budaun,710956.0,464965.0,57587.0,149300.0,156668.0,81154.0,9870.0,121417.0
uttar pradesh,bareilly,631613.0,397916.0,48634.0,282962.0,362798.0,169063.0,14511.0,334862.0
uttar pradesh,pilibhit,371752.0,233088.0,34201.0,131971.0,89638.0,40874.0,7529.0,79598.0
uttar pradesh,shahjahanpur,520289.0,319977.0,62434.0,140478.0,134714.0,66952.0,11046.0,115719.0
uttar pradesh,kheri,754938.0,483160.0,83798.0,138153.0,107672.0,49313.0,9582.0,82046.0
uttar pradesh,sitapur,827583.0,512273.0,100137.0,98482.0,111319.0,47199.0,9462.0,80149.0
uttar pradesh,hardoi,786613.0,490059.0,65288.0,136870.0,121064.0,56173.0,7990.0,89587.0
uttar pradesh,unnao,596317.0,351827.0,43531.0,94218.0,121039.0,53499.0,6172.0,86784.0
uttar pradesh,lucknow,344155.0,196856.0,28564.0,73993.0,717566.0,223163.0,29420.0,629305.0
uttar pradesh,rae bareli,705025.0,390583.0,54991.0,94473.0,73393.0,25027.0,3816.0,52182.0
uttar pradesh,farrukhabad,316647.0,188721.0,27231.0,75678.0,94843.0,43343.0,4457.0,77486.0
uttar pradesh,kannauj,299785.0,174774.0,26381.0,65053.0,65985.0,28571.0,3893.0,49884.0
uttar pradesh,etawah,265643.0,145306.0,20720.0,52597.0,85483.0,34620.0,3590.0,71292.0
uttar pradesh,auraiya,255836.0,141221.0,23025.0,52190.0,58438.0,22557.0,2337.0,43945.0
uttar pradesh,kanpur dehat,363933.0,206713.0,30570.0,83704.0,41323.0,16322.0,2438.0,27397.0
uttar pradesh,kanpur nagar,364869.0,214542.0,25175.0,86109.0,684906.0,265058.0,32875.0,583539.0
uttar pradesh,jalaun,304856.0,174682.0,8840.0,86274.0,91565.0,37633.0,3204.0,69223.0
uttar pradesh,jhansi,309592.0,146746.0,6191.0,64085.0,195321.0,64260.0,3711.0,139849.0
uttar pradesh,lalitpur,258013.0,136230.0,6966.0,30961.0,43819.0,15862.0,1139.0,27562.0
uttar pradesh,hamirpur,256081.0,129320.0,3841.0,64020.0,55300.0,20516.0,884.0,37991.0
uttar pradesh,mahoba,198298.0,100537.0,3371.0,35297.0,48525.0,23631.0,776.0,26543.0
uttar pradesh,banda,378056.0,199991.0,4158.0,75611.0,67569.0,23784.0,1148.0,49663.0
uttar pradesh,chitrakoot,207237.0,108799.0,3730.0,24453.0,23558.0,11001.0,636.0,13828.0
uttar pradesh,fatehpur,558807.0,320755.0,31851.0,102261.0,77733.0,31792.0,3342.0,56045.0
uttar pradesh,pratapgarh,711085.0,317854.0,44798.0,80352.0,41701.0,13219.0,1251.0,26730.0
uttar pradesh,kaushambi,349856.0,193120.0,15393.0,48280.0,30764.0,13197.0,1353.0,15812.0
uttar pradesh,allahabad,983266.0,479833.0,45230.0,153389.0,265304.0,80917.0,7693.0,222855.0
uttar pradesh,bara banki,635840.0,323642.0,75664.0,83930.0,79068.0,31231.0,6957.0,53608.0
uttar pradesh,faizabad,510378.0,262334.0,47465.0,74004.0,79288.0,28622.0,3885.0,60417.0
uttar pradesh,ambedkar nagar,501559.0,232723.0,49654.0,69716.0,65031.0,27313.0,6373.0,35376.0
uttar pradesh,sultanpur,839737.0,418189.0,72217.0,110005.0,49891.0,14817.0,2195.0,36370.0
uttar pradesh,bahraich,698520.0,430986.0,60072.0,73344.0,61742.0,25931.0,3519.0,49084.0
uttar pradesh,shrawasti,248770.0,139808.0,16916.0,25872.0,8504.0,3189.0,850.0,5357.0
uttar pradesh,balrampur,410070.0,232509.0,27474.0,41827.0,35768.0,14486.0,1466.0,25717.0
uttar pradesh,gonda,673578.0,344198.0,76114.0,53212.0,52794.0,17158.0,2322.0,40704.0
uttar pradesh,siddharthnagar,480165.0,215113.0,31690.0,49937.0,33348.0,11805.0,1734.0,15640.0
uttar pradesh,basti,513960.0,207125.0,51396.0,67328.0,31065.0,11090.0,2112.0,22397.0
uttar pradesh,sant kabir nagar,324972.0,141037.0,33147.0,39971.0,27179.0,10300.0,1739.0,13507.0
uttar pradesh,mahrajganj,573046.0,294545.0,50428.0,95698.0,34033.0,13374.0,1973.0,19875.0
uttar pradesh,gorakhpur,761958.0,356596.0,67814.0,141724.0,189170.0,59777.0,6999.0,152092.0
uttar pradesh,kushinagar,742324.0,414959.0,63097.0,109863.0,42775.0,16553.0,4020.0,26648.0
uttar pradesh,deoria,597778.0,277966.0,50811.0,99828.0,67928.0,22823.0,4483.0,42387.0
uttar pradesh,azamgarh,891024.0,430364.0,80192.0,149692.0,80434.0,30082.0,3860.0,51960.0
uttar pradesh,mau,352207.0,166241.0,35572.0,61988.0,99321.0,43800.0,6753.0,63068.0
uttar pradesh,ballia,564927.0,269470.0,72310.0,125413.0,64454.0,23267.0,5994.0,39316.0
uttar pradesh,jaunpur,926088.0,426926.0,66678.0,142617.0,80582.0,35858.0,3545.0,57857.0
uttar pradesh,ghazipur,700173.0,358488.0,72817.0,130232.0,61467.0,23603.0,4487.0,40260.0
uttar pradesh,chandauli,344937.0,169019.0,23455.0,64848.0,50822.0,18702.0,2337.0,35168.0
uttar pradesh,varanasi,438935.0,208933.0,29408.0,118951.0,316129.0,113174.0,11064.0,281354.0
uttar pradesh,sant ravidas nagar (bhadohi),293510.0,140004.0,18197.0,36982.0,45997.0,20238.0,2621.0,25574.0
uttar pradesh,mirzapur,465152.0,240018.0,22327.0,89309.0,77963.0,31730.0,2728.0,53404.0
uttar pradesh,sonbhadra,337048.0,188072.0,6066.0,46175.0,91040.0,31317.0,4278.0,64365.0
uttar pradesh,etah,334246.0,189183.0,23397.0,30750.0,67752.0,29404.0,2100.0,53049.0
uttar pradesh,kanshiram nagar,271234.0,166808.0,24139.0,30378.0,72490.0,36317.0,3189.0,55744.0
bihar,pashchim champaran,839514.0,531412.0,41136.0,96544.0,96620.0,50145.0,7149.0,52078.0
bihar,purba champaran,1142260.0,639665.0,63966.0,177050.0,101565.0,43571.0,5789.0,54845.0
bihar,sheohar,158484.0,94456.0,5388.0,31379.0,7516.0,3382.0,601.0,2773.0
bihar,sitamarhi,807294.0,473881.0,50052.0,150963.0,49670.0,20762.0,3228.0,30050.0
bihar,madhubani,1047552.0,532156.0,49234.0,181226.0,41234.0,17606.0,2927.0,22884.0
bihar,supaul,572287.0,355390.0,28042.0,52078.0,27815.0,14408.0,2169.0,13017.0
bihar,araria,659061.0,424435.0,24385.0,44157.0,44213.0,21443.0,2829.0,24007.0
bihar,kishanganj,401793.0,249915.0,14062.0,24911.0,43357.0,20117.0,3425.0,22502.0
bihar,purnia,712847.0,464063.0,36355.0,61304.0,85749.0,39530.0,8317.0,50677.0
bihar,katihar,668232.0,414303.0,33411.0,84865.0,69838.0,29541.0,4958.0,47839.0
bihar,madhepura,486278.0,311217.0,30149.0,54949.0,24000.0,11016.0,2087.0,12312.0
bihar,saharsa,432651.0,278194.0,28554.0,54081.0,38046.0,16397.0,2815.0,25719.0
bihar,darbhanga,907174.0,478987.0,73481.0,189599.0,95539.0,38215.0,8598.0,64011.0
bihar,muzaffarpur,998694.0,603211.0,83890.0,218713.0,120700.0,43693.0,8207.0,93059.0
bihar,gopalganj,515925.0,273956.0,41274.0,93382.0,38133.0,15100.0,2326.0,19371.0
bihar,siwan,632514.0,294751.0,51866.0,127767.0,41858.0,14399.0,2553.0,29886.0
bihar,saran,701323.0,360480.0,61015.0,124835.0,76299.0,31664.0,6027.0,45016.0
bihar,vaishali,699317.0,397911.0,86015.0,174829.0,51494.0,22966.0,5458.0,31926.0
bihar,samastipur,1012979.0,599683.0,98258.0,172206.0,43486.0,16785.0,2826.0,30527.0
bihar,begusarai,594377.0,339389.0,68947.0,151566.0,139248.0,60572.0,13646.0,80346.0
bihar,khagaria,373696.0,219733.0,33258.0,81092.0,21007.0,9936.0,1512.0,13927.0
bihar,bhagalpur,522527.0,307245.0,45982.0,131154.0,130634.0,55911.0,10058.0,93664.0
bihar,banka,425604.0,257490.0,28941.0,47242.0,18492.0,8672.0,943.0,8284.0
bihar,munger,222281.0,130256.0,17560.0,58015.0,85782.0,33626.0,5747.0,63650.0
bihar,lakhisarai,175882.0,103594.0,13542.0,47136.0,31763.0,16612.0,2668.0,19566.0
bihar,sheikhpura,108293.0,64975.0,10179.0,26315.0,24345.0,10882.0,1801.0,12708.0
bihar,nalanda,514141.0,306428.0,48843.0,117224.0,102522.0,42854.0,7279.0,75456.0
bihar,patna,657991.0,384266.0,59877.0,181605.0,552103.0,171151.0,28709.0,477569.0
bihar,bhojpur,434559.0,251175.0,37806.0,89084.0,77368.0,31798.0,6344.0,53074.0
bihar,buxar,299252.0,169975.0,31421.0,59850.0,35405.0,14020.0,3115.0,23792.0
bihar,kaimur (bhabua),325143.0,196061.0,21134.0,47145.0,15299.0,5125.0,703.0,10739.0
bihar,rohtas,512383.0,295644.0,32792.0,108112.0,95678.0,39993.0,5645.0,65443.0
bihar,aurangabad,428291.0,247552.0,28267.0,73666.0,49006.0,20141.0,2646.0,33324.0
bihar,gaya,696289.0,437269.0,55006.0,114887.0,111282.0,40061.0,5230.0,86577.0
bihar,nawada,379551.0,236460.0,39093.0,65662.0,45323.0,17993.0,2900.0,31408.0
bihar,jamui,325909.0,209233.0,26072.0,38783.0,30851.0,15086.0,2622.0,15086.0
bihar,jehanabad,186660.0,114235.0,16986.0,41625.0,28132.0,11027.0,1941.0,19045.0
bihar,arwal,134334.0,83152.0,10478.0,30225.0,9960.0,5149.0,607.0,3884.0
sikkim,north  district,11543.0,5228.0,427.0,8657.0,2066.0,419.0,37.0,2010.0
sikkim,west district,32091.0,16558.0,2535.0,26988.0,1886.0,290.0,124.0,1684.0
sikkim,south district,31135.0,14104.0,1836.0,26433.0,8163.0,1248.0,73.0,7991.0
sikkim,east district,40626.0,16900.0,3046.0,34857.0,41512.0,7638.0,705.0,39394.0
arunachal pradesh,tawang,10730.0,5032.0,439.0,7446.0,2452.0,613.0,14.0,2390.0
arunachal pradesh,west kameng,17889.0,8640.0,447.0,6958.0,,,,
arunachal pradesh,east kameng,14503.0,8440.0,377.0,3190.0,5215.0,2466.0,130.0,3337.0
arunachal pradesh,papum pare,20308.0,8996.0,812.0,11128.0,30180.0,9476.0,1056.0,27675.0
arunachal pradesh,upper subansiri,14542.0,9146.0,363.0,5002.0,4672.0,1798.0,56.0,3975.0
arunachal pradesh,west siang,22272.0,9176.0,178.0,15835.0,8503.0,2550.0,178.0,8128.0
arunachal pradesh,east siang,19497.0,5459.0,292.0,9241.0,9524.0,5371.0,409.0,8638.0
arunachal pradesh,upper siang,8569.0,2502.0,34.0,4824.0,2182.0,1036.0,24.0,1749.0
arunachal pradesh,changlang,33422.0,16644.0,568.0,21824.0,6498.0,2488.0,51.0,5932.0
arunachal pradesh,tirap,18420.0,7975.0,184.0,15767.0,6500.0,3068.0,97.0,5973.0
arunachal pradesh,lower subansiri,18112.0,7281.0,271.0,12334.0,5365.0,1314.0,37.0,5284.0
arunachal pradesh,kurung kumey,18603.0,8315.0,2325.0,4371.0,1092.0,542.0,55.0,880.0
arunachal pradesh,dibang valley,2055.0,1021.0,147.0,1329.0,1175.0,573.0,65.0,965.0
arunachal pradesh,lower dibang valley,12000.0,6324.0,384.0,5760.0,3950.0,1275.0,146.0,3499.0
arunachal pradesh,lohit,33599.0,18177.0,2015.0,16631.0,11372.0,5310.0,409.0,10143.0
arunachal pradesh,anjaw,6025.0,3181.0,361.0,1668.0,428.0,292.0,0.0,274.0
nagaland,mon,43607.0,27908.0,610.0,27341.0,7415.0,3611.0,415.0,6984.0
nagaland,mokokchung,37536.0,12799.0,187.0,36147.0,17742.0,5854.0,124.0,17475.0
nagaland,zunheboto,31267.0,13820.0,531.0,22418.0,6044.0,2181.0,12.0,5705.0
nagaland,wokha,38499.0,19865.0,384.0,22906.0,8170.0,1772.0,16.0,7900.0
nagaland,dimapur,49116.0,21954.0,1571.0,44990.0,62853.0,21747.0,1319.0,60841.0
nagaland,phek,38903.0,21163.0,933.0,29332.0,7295.0,2837.0,29.0,6828.0
nagaland,tuensang,40690.0,22379.0,1383.0,20263.0,9451.0,5094.0,292.0,8392.0
nagaland,longleng,12686.0,8385.0,279.0,8753.0,2451.0,1561.0,137.0,1855.0
nagaland,kiphire,16032.0,9170.0,160.0,5867.0,4290.0,1192.0,17.0,4088.0
nagaland,kohima,31845.0,10699.0,191.0,16623.0,44255.0,14117.0,840.0,40714.0
nagaland,peren,20204.0,10708.0,181.0,15577.0,4073.0,2488.0,85.0,3783.0
manipur,senapati,38008.0,22690.0,836.0,27555.0,1826.0,1157.0,32.0,1782.0
manipur,tamenglong,23982.0,13573.0,2014.0,15924.0,4119.0,2253.0,428.0,3983.0
manipur,churachandpur,52972.0,28392.0,1218.0,43595.0,4853.0,2547.0,111.0,4794.0
manipur,bishnupur,34977.0,12137.0,2063.0,31864.0,21172.0,6372.0,868.0,19986.0
manipur,thoubal,65961.0,22096.0,3627.0,60486.0,38302.0,10264.0,1991.0,36042.0
manipur,imphal west,51055.0,16899.0,2705.0,46970.0,85746.0,26152.0,3772.0,82916.0
manipur,imphal east,64421.0,23449.0,2963.0,58558.0,46520.0,14653.0,1488.0,44426.0
manipur,ukhrul,36084.0,25403.0,1876.0,29011.0,5806.0,3274.0,243.0,5579.0
manipur,chandel,30377.0,17740.0,1245.0,23420.0,3783.0,1539.0,590.0,3665.0
mizoram,mamit,16726.0,8312.0,986.0,13899.0,4129.0,883.0,41.0,4075.0
mizoram,kolasib,9669.0,4554.0,212.0,9253.0,12507.0,4815.0,300.0,12081.0
mizoram,aizawl,20570.0,7117.0,349.0,20035.0,80341.0,13336.0,562.0,79778.0
mizoram,champhai,18395.0,8866.0,882.0,17456.0,12717.0,5646.0,190.0,12386.0
mizoram,serchhip,7472.0,3885.0,463.0,7203.0,8018.0,3736.0,769.0,7969.0
mizoram,lunglei,21479.0,10696.0,837.0,17290.0,17315.0,4640.0,138.0,16830.0
mizoram,lawngtlai,21993.0,10930.0,1143.0,13305.0,5273.0,1824.0,84.0,5183.0
mizoram,saiha,7043.0,2281.0,366.0,6127.0,5784.0,1660.0,133.0,5645.0
tripura,west tripura,289621.0,119903.0,11584.0,246757.0,217016.0,69879.0,7812.0,212892.0
tripura,south tripura,219171.0,94024.0,9862.0,181035.0,44906.0,12304.0,1616.0,44007.0
tripura,dhalai,89457.0,42492.0,6440.0,59399.0,14071.0,5628.0,1266.0,13564.0
tripura,north tripura,150437.0,72811.0,12486.0,122606.0,42184.0,14511.0,2995.0,40918.0
meghalaya,west garo hills,139351.0,68281.0,7664.0,78454.0,18594.0,6340.0,1171.0,17459.0
meghalaya,east garo hills,62698.0,30659.0,2257.0,49719.0,11518.0,4872.0,138.0,11137.0
meghalaya,south garo hills,35930.0,18396.0,1437.0,22779.0,3713.0,1555.0,100.0,3245.0
meghalaya,west khasi hills,74832.0,41980.0,6884.0,30531.0,12299.0,5755.0,565.0,11130.0
meghalaya,ribhoi,57988.0,31255.0,3421.0,37170.0,5736.0,1955.0,177.0,5242.0
meghalaya,east khasi hills,106248.0,56205.0,9881.0,47067.0,108843.0,25578.0,2285.0,105468.0
meghalaya,jaintia hills,76546.0,35517.0,6429.0,33374.0,7171.0,1003.0,150.0,6891.0
assam,kokrajhar,204896.0,112692.0,26636.0,51019.0,17115.0,4244.0,804.0,15420.0
assam,dhubri,460602.0,295706.0,81065.0,179634.0,60417.0,24045.0,7370.0,48394.0
assam,goalpara,228610.0,138080.0,28804.0,141966.0,39504.0,18329.0,3160.0,33578.0
assam,barpeta,447189.0,282623.0,84071.0,312137.0,52192.0,17640.0,3862.0,48434.0
assam,morigaon,232206.0,145128.0,34366.0,132821.0,25275.0,10817.0,2325.0,22823.0
assam,nagaon,674999.0,400274.0,93149.0,485999.0,124186.0,54269.0,7326.0,118225.0
assam,sonitpur,483325.0,280811.0,49299.0,265828.0,64528.0,20778.0,2903.0,61301.0
assam,lakhimpur,293239.0,190018.0,28444.0,157469.0,34694.0,13079.0,1908.0,32855.0
assam,dhemaji,211758.0,140183.0,21175.0,85338.0,16504.0,7971.0,1188.0,15777.0
assam,tinsukia,290704.0,162794.0,14535.0,224714.0,90910.0,33727.0,4545.0,85909.0
assam,dibrugarh,299852.0,162519.0,17091.0,222490.0,77163.0,22917.0,3163.0,74385.0
assam,sivasagar,360182.0,217189.0,21971.0,258970.0,45047.0,16397.0,1756.0,41983.0
assam,jorhat,286330.0,174374.0,23192.0,168648.0,80824.0,28530.0,3232.0,76136.0
assam,golaghat,292893.0,187451.0,23138.0,190673.0,34190.0,13231.0,1435.0,33403.0
assam,karbi anglong,215691.0,140414.0,9274.0,104610.0,37185.0,19336.0,1338.0,35139.0
assam,dima hasao,37610.0,23468.0,1692.0,21475.0,21309.0,9631.0,703.0,20584.0
assam,cachar,346227.0,197003.0,42239.0,268672.0,88933.0,33083.0,5424.0,85197.0
assam,karimganj,261945.0,150880.0,39029.0,219247.0,32695.0,11802.0,2844.0,31844.0
assam,hailakandi,159215.0,94732.0,26748.0,130397.0,16202.0,4941.0,1231.0,15894.0
assam,bongaigaon,181923.0,116976.0,22740.0,89506.0,38470.0,11156.0,1654.0,35238.0
assam,chirang,129018.0,74185.0,14062.0,30964.0,11613.0,4587.0,1718.0,9859.0
assam,kamrup,390596.0,230842.0,48043.0,222639.0,43849.0,19775.0,3727.0,34509.0
assam,kamrup metropolitan,61334.0,32139.0,6194.0,39683.0,366858.0,100152.0,14307.0,355852.0
assam,nalbari,210706.0,128530.0,20017.0,134219.0,28238.0,12227.0,2400.0,25442.0
assam,baksa,291641.0,187525.0,32663.0,112865.0,3580.0,1904.0,268.0,3368.0
assam,darrang,268517.0,154665.0,47796.0,127814.0,20189.0,6945.0,1736.0,18533.0
assam,udalguri,267790.0,160406.0,28653.0,111132.0,13835.0,4883.0,996.0,12423.0
west bengal,darjiling,303284.0,164379.0,24262.0,158617.0,215675.0,68368.0,11430.0,187637.0
west bengal,jalpaiguri,798378.0,461462.0,127740.0,296198.0,319426.0,118826.0,33539.0,262887.0
west bengal,koch bihar,803407.0,463565.0,101229.0,447497.0,97331.0,32995.0,7689.0,87889.0
west bengal,uttar dinajpur,683981.0,396024.0,84813.0,140900.0,94269.0,37707.0,13763.0,75980.0
west bengal,dakshin dinajpur,390949.0,225186.0,46522.0,107510.0,70077.0,24036.0,6517.0,64190.0
west bengal,maldah,830318.0,489887.0,93825.0,210900.0,128678.0,62408.0,10680.0,95607.0
west bengal,murshidabad,1501066.0,842098.0,255181.0,520869.0,350899.0,170186.0,40704.0,216855.0
west bengal,birbhum,831044.0,432142.0,129642.0,155405.0,134565.0,50192.0,12514.0,82892.0
west bengal,barddhaman,1364868.0,707001.0,128297.0,629204.0,862368.0,329424.0,54329.0,616593.0
west bengal,nadia,1081381.0,582864.0,168695.0,771024.0,468390.0,192976.0,49649.0,437007.0
west bengal,north twenty four parganas,1209337.0,559923.0,238239.0,954166.0,1649803.0,551034.0,89089.0,1550814.0
west bengal,hugli,992085.0,451398.0,116073.0,596243.0,647953.0,218360.0,34341.0,575382.0
west bengal,bankura,900515.0,471869.0,105360.0,148584.0,90885.0,35263.0,8088.0,54894.0
west bengal,puruliya,653219.0,409568.0,48338.0,39846.0,99433.0,43253.0,6662.0,50611.0
west bengal,haora,483384.0,195287.0,67190.0,290997.0,869313.0,305998.0,56505.0,725876.0
west bengal,south twenty four parganas,1568802.0,782832.0,254145.0,862841.0,611430.0,235400.0,49525.0,508098.0
west bengal,paschim medinipur,1364335.0,712182.0,180092.0,571656.0,201048.0,65943.0,16686.0,155209.0
west bengal,purba medinipur,1193006.0,584572.0,215934.0,1021213.0,170707.0,59406.0,17241.0,141345.0
jharkhand,garhwa,272872.0,170272.0,12552.0,13370.0,19180.0,8535.0,1304.0,8880.0
jharkhand,chatra,200974.0,115560.0,9043.0,13264.0,14528.0,6740.0,595.0,9544.0
jharkhand,kodarma,116714.0,61041.0,4901.0,8870.0,34771.0,15542.0,1877.0,17489.0
jharkhand,giridih,452564.0,242574.0,14029.0,26248.0,46886.0,17347.0,1594.0,28741.0
jharkhand,deoghar,257373.0,155968.0,13126.0,14155.0,64337.0,24062.0,2702.0,43942.0
jharkhand,godda,276454.0,173336.0,25433.0,21839.0,15576.0,5731.0,654.0,10108.0
jharkhand,sahibganj,223450.0,145465.0,16311.0,20557.0,37543.0,17457.0,2928.0,20385.0
jharkhand,pakur,200588.0,120152.0,14241.0,14642.0,16587.0,7746.0,945.0,7712.0
jharkhand,dhanbad,258764.0,135074.0,12161.0,31569.0,405455.0,180427.0,15812.0,240434.0
jharkhand,bokaro,250312.0,125906.0,10262.0,16520.0,258452.0,94851.0,8270.0,162049.0
jharkhand,lohardaga,96759.0,60474.0,2709.0,7063.0,14725.0,5330.0,647.0,10381.0
jharkhand,purbi singhbhum,262537.0,133893.0,15227.0,35705.0,342126.0,88268.0,7868.0,276095.0
jharkhand,palamu,355529.0,223272.0,22398.0,26309.0,52375.0,21002.0,2828.0,30534.0
jharkhand,latehar,146377.0,84898.0,3220.0,10539.0,14137.0,5739.0,706.0,7888.0
jharkhand,hazaribagh,312983.0,151796.0,10328.0,29107.0,68765.0,22761.0,2062.0,50542.0
jharkhand,ramgarh,134067.0,67167.0,5094.0,14747.0,118558.0,47186.0,4268.0,71134.0
jharkhand,dumka,303697.0,194062.0,18221.0,18829.0,23281.0,7799.0,1164.0,14946.0
jharkhand,jamtara,165555.0,103637.0,8112.0,7284.0,20113.0,6737.0,663.0,12087.0
jharkhand,ranchi,420740.0,231407.0,12622.0,55537.0,310242.0,98656.0,12719.0,245401.0
jharkhand,khunti,,,,,,,,
jharkhand,gumla,216629.0,137126.0,6282.0,13864.0,16445.0,6314.0,822.0,11264.0
jharkhand,simdega,144169.0,85924.0,4180.0,7064.0,11114.0,4445.0,444.0,5934.0
jharkhand,pashchimi singhbhum,336928.0,171496.0,13477.0,12466.0,63396.0,23773.0,2852.0,37340.0
jharkhand,saraikela-kharsawan,217248.0,116227.0,7820.0,13903.0,68439.0,25048.0,2326.0,44143.0
orissa,bargarh,411566.0,275337.0,34983.0,50622.0,47395.0,22133.0,2227.0,25688.0
orissa,jharsuguda,103224.0,73805.0,6090.0,9703.0,73962.0,33652.0,4141.0,39643.0
orissa,sambalpur,220697.0,153825.0,17214.0,18979.0,94798.0,39056.0,4929.0,56404.0
orissa,debagarh,91408.0,68556.0,12248.0,5393.0,7350.0,4579.0,404.0,3770.0
orissa,sundargarh,387911.0,294424.0,22498.0,32584.0,230151.0,107940.0,10126.0,150748.0
orissa,kendujhar,490634.0,343443.0,42194.0,45628.0,83664.0,40828.0,6442.0,42501.0
orissa,mayurbhanj,689110.0,499604.0,59263.0,103366.0,64479.0,28241.0,5222.0,41266.0
orissa,baleshwar,601154.0,373316.0,69733.0,136461.0,82440.0,34789.0,5935.0,56059.0
orissa,bhadrak,373862.0,240393.0,33273.0,59817.0,54244.0,28586.0,4014.0,28098.0
orissa,kendrapara,414749.0,236406.0,31106.0,65530.0,23494.0,10478.0,2067.0,13579.0
orissa,jagatsinghapur,309685.0,177449.0,21987.0,68440.0,43047.0,24622.0,1592.0,19285.0
orissa,cuttack,579529.0,318740.0,58532.0,129814.0,210768.0,77141.0,13489.0,164399.0
orissa,jajapur,495611.0,286463.0,72359.0,98626.0,45528.0,19531.0,3186.0,27863.0
orissa,dhenkanal,315390.0,206580.0,36269.0,44785.0,36979.0,15457.0,2810.0,22113.0
orissa,anugul,340410.0,219224.0,40849.0,56848.0,74177.0,28780.0,4895.0,47473.0
orissa,nayagarh,261646.0,168238.0,31920.0,41601.0,26688.0,12943.0,2028.0,14891.0
orissa,khordha,331834.0,207064.0,28205.0,60725.0,356895.0,130623.0,18201.0,273381.0
orissa,puri,402014.0,257690.0,45025.0,62714.0,72210.0,33505.0,4188.0,52929.0
orissa,ganjam,795476.0,490013.0,75570.0,151935.0,219918.0,87747.0,11435.0,143606.0
orissa,gajapati,152095.0,101903.0,8973.0,19316.0,23050.0,9381.0,1152.0,13069.0
orissa,kandhamal,218446.0,150290.0,14417.0,13762.0,24489.0,11387.0,1567.0,13836.0
orissa,baudh,131377.0,98664.0,6174.0,11823.0,6577.0,3689.0,355.0,3374.0
orissa,subarnapur,176927.0,130925.0,12738.0,13977.0,16575.0,10177.0,961.0,6464.0
orissa,balangir,476770.0,327064.0,33373.0,48153.0,62192.0,29168.0,4229.0,36133.0
orissa,nuapada,197258.0,143801.0,9468.0,25051.0,11869.0,6254.0,771.0,5744.0
orissa,kalahandi,456336.0,320804.0,42895.0,37419.0,38412.0,18360.0,2650.0,22586.0
orissa,rayagada,237343.0,165428.0,13528.0,15664.0,49205.0,17615.0,2115.0,29769.0
orissa,nabarangapur,342840.0,237588.0,15084.0,19884.0,29424.0,15123.0,1441.0,15712.0
orissa,koraput,381789.0,250835.0,20234.0,31306.0,78339.0,30473.0,4386.0,50842.0
orissa,malkangiri,167884.0,112985.0,12423.0,10073.0,15839.0,7238.0,1330.0,7555.0
chhattisgarh,koriya,121852.0,61535.0,2680.0,10357.0,59763.0,22411.0,776.0,35439.0
chhattisgarh,surguja,,,,,65167.0,19159.0,1042.0,39947.0
chhattisgarh,jashpur,,,,,20722.0,7832.0,248.0,8744.0
chhattisgarh,raigarh,354278.0,203355.0,17005.0,46056.0,66638.0,25189.0,1999.0,38183.0
chhattisgarh,korba,206598.0,112389.0,6611.0,24585.0,126055.0,37438.0,2016.0,73868.0
chhattisgarh,janjgir - champa,379583.0,223953.0,21256.0,41754.0,61190.0,26801.0,2325.0,27168.0
chhattisgarh,bilaspur,549632.0,324832.0,28580.0,91238.0,188174.0,67930.0,5833.0,123630.0
chhattisgarh,kabeerdham,187311.0,114072.0,11613.0,16857.0,23868.0,8759.0,1217.0,11814.0
chhattisgarh,rajnandgaon,313604.0,149589.0,10662.0,58016.0,76528.0,25101.0,1913.0,40712.0
chhattisgarh,durg,533448.0,279526.0,26672.0,74682.0,349741.0,103523.0,7694.0,218937.0
chhattisgarh,raipur,673499.0,383894.0,39736.0,86881.0,395001.0,118895.0,11455.0,256750.0
chhattisgarh,mahasamund,274793.0,164875.0,12640.0,41768.0,35774.0,14738.0,1466.0,17922.0
chhattisgarh,dhamtari,168689.0,92947.0,7084.0,40822.0,41792.0,16382.0,1462.0,22400.0
chhattisgarh,uttar bastar kanker,169191.0,78673.0,5075.0,25040.0,24878.0,9403.0,796.0,15150.0
chhattisgarh,bastar,316425.0,165173.0,10758.0,43983.0,54894.0,19432.0,1591.0,33485.0
chhattisgarh,narayanpur,26916.0,15503.0,1184.0,1103.0,6179.0,3416.0,135.0,2731.0
chhattisgarh,dakshin bastar dantewada,106545.0,53379.0,3409.0,7671.0,31304.0,11050.0,907.0,15589.0
chhattisgarh,bijapur,50449.0,28503.0,2118.0,1362.0,7942.0,4860.0,246.0,2231.0
madhya pradesh,sheopur,150146.0,90688.0,7957.0,8708.0,26376.0,10708.0,844.0,15087.0
madhya pradesh,morena,319298.0,170824.0,16603.0,21392.0,95288.0,34017.0,2001.0,70322.0
madhya pradesh,bhind,271211.0,139944.0,12475.0,25222.0,88385.0,35972.0,2209.0,59483.0
madhya pradesh,gwalior,172720.0,83078.0,7772.0,29880.0,272172.0,73214.0,5443.0,236789.0
madhya pradesh,datia,160453.0,74931.0,4332.0,18131.0,43401.0,15103.0,1302.0,27386.0
madhya pradesh,shivpuri,367859.0,199747.0,15450.0,20600.0,66759.0,21029.0,1869.0,43860.0
madhya pradesh,tikamgarh,322772.0,144279.0,9360.0,12588.0,60220.0,19812.0,1625.0,27219.0
madhya pradesh,chhatarpur,375869.0,169892.0,9772.0,19545.0,95048.0,27658.0,1520.0,55032.0
madhya pradesh,panna,256744.0,121953.0,7702.0,12837.0,32179.0,11584.0,740.0,17312.0
madhya pradesh,sagar,448408.0,231378.0,21075.0,50221.0,165507.0,53127.0,4137.0,107083.0
madhya pradesh,damoh,303387.0,164132.0,15169.0,17899.0,66514.0,22681.0,1928.0,37380.0
madhya pradesh,satna,461831.0,181037.0,10160.0,105297.0,114173.0,26716.0,2625.0,69074.0
madhya pradesh,rewa,523910.0,181796.0,11002.0,93255.0,94489.0,20598.0,2267.0,56220.0
madhya pradesh,umaria,138100.0,65183.0,5800.0,8009.0,29966.0,8480.0,629.0,16541.0
madhya pradesh,neemuch,174235.0,80670.0,4878.0,22999.0,67962.0,18757.0,951.0,43223.0
madhya pradesh,mandsaur,302287.0,150236.0,6952.0,40204.0,81832.0,24140.0,1391.0,55809.0
madhya pradesh,ratlam,266716.0,153895.0,9335.0,35739.0,107151.0,29466.0,1500.0,88721.0
madhya pradesh,ujjain,300765.0,165119.0,11429.0,53836.0,188684.0,56793.0,3584.0,157739.0
madhya pradesh,shajapur,312611.0,177250.0,13754.0,41889.0,73997.0,23753.0,1775.0,49355.0
madhya pradesh,dewas,274995.0,134747.0,17049.0,59673.0,101014.0,30809.0,2626.0,78083.0
madhya pradesh,dhar,412348.0,232976.0,19380.0,79170.0,103364.0,31732.0,3100.0,78970.0
madhya pradesh,indore,200371.0,82953.0,9217.0,83153.0,587947.0,136991.0,15874.0,530916.0
madhya pradesh,khargone (west nimar),383543.0,218235.0,24163.0,49860.0,76620.0,22602.0,2451.0,56545.0
madhya pradesh,barwani,250358.0,150715.0,13018.0,25786.0,48912.0,18293.0,2005.0,32330.0
madhya pradesh,rajgarh,331894.0,200463.0,21573.0,25887.0,69823.0,24926.0,2234.0,42592.0
madhya pradesh,vidisha,292579.0,132245.0,8777.0,33646.0,83830.0,25651.0,1760.0,59938.0
madhya pradesh,bhopal,118893.0,55404.0,5112.0,25561.0,581826.0,175129.0,15127.0,488152.0
madhya pradesh,sehore,270427.0,117906.0,17848.0,58682.0,59220.0,18535.0,1480.0,46843.0
madhya pradesh,raisen,251272.0,116590.0,18091.0,46485.0,74441.0,27096.0,2977.0,53597.0
madhya pradesh,betul,318945.0,145438.0,15309.0,41143.0,87704.0,26574.0,2631.0,62796.0
madhya pradesh,harda,112714.0,47565.0,8678.0,43169.0,31845.0,8438.0,1401.0,25253.0
madhya pradesh,hoshangabad,209650.0,92036.0,21384.0,70861.0,105746.0,30349.0,3595.0,85231.0
madhya pradesh,katni,276151.0,128410.0,12150.0,23748.0,72880.0,20843.0,1749.0,47955.0
madhya pradesh,jabalpur,272284.0,125795.0,15520.0,72972.0,352477.0,103628.0,10221.0,282686.0
madhya pradesh,narsimhapur,230659.0,112792.0,22604.0,63431.0,53059.0,17880.0,3130.0,38096.0
madhya pradesh,dindori,218021.0,111626.0,5886.0,8066.0,9774.0,3684.0,537.0,5405.0
madhya pradesh,mandla,279674.0,120819.0,12025.0,18738.0,37258.0,10655.0,1490.0,24254.0
madhya pradesh,chhindwara,413142.0,207810.0,21070.0,50816.0,140802.0,47168.0,5209.0,93351.0
madhya pradesh,seoni,335045.0,151105.0,16417.0,50926.0,47542.0,13169.0,1663.0,35133.0
madhya pradesh,balaghat,400074.0,153228.0,21603.0,46808.0,70793.0,20813.0,2406.0,44670.0
madhya pradesh,guna,212765.0,104680.0,6170.0,15744.0,72320.0,24299.0,2386.0,43102.0
madhya pradesh,ashoknagar,169606.0,74626.0,4579.0,11872.0,37135.0,14037.0,631.0,20907.0
madhya pradesh,shahdol,233594.0,103248.0,6774.0,17753.0,57846.0,16891.0,1561.0,36847.0
madhya pradesh,anuppur,,,,,,,,
madhya pradesh,sidhi,250953.0,95864.0,4768.0,10289.0,25916.0,6945.0,388.0,12698.0
madhya pradesh,singrauli,228732.0,101557.0,4345.0,5032.0,58593.0,15878.0,1523.0,30526.0
madhya pradesh,jhabua,211080.0,132136.0,10765.0,12242.0,24713.0,6301.0,444.0,18979.0
madhya pradesh,alirajpur,135866.0,84372.0,5434.0,6793.0,14662.0,4369.0,381.0,11040.0
madhya pradesh,khandwa (east nimar),265663.0,139207.0,21253.0,46225.0,63425.0,19725.0,2790.0,43953.0
madhya pradesh,burhanpur,115979.0,56133.0,7422.0,21456.0,62861.0,26213.0,2451.0,43122.0
gujarat,kachchh,488293.0,124026.0,5371.0,240240.0,250982.0,53710.0,2509.0,220613.0
gujarat,banas kantha,666773.0,258707.0,26670.0,114018.0,137424.0,32706.0,2061.0,107190.0
gujarat,patan,301483.0,112453.0,11456.0,108232.0,102655.0,26177.0,1539.0,84587.0
gujarat,mahesana,476005.0,156129.0,12376.0,211346.0,183738.0,40054.0,2388.0,156177.0
gujarat,sabar kantha,544024.0,223593.0,11424.0,169191.0,121509.0,32928.0,1944.0,93197.0
gujarat,gandhinagar,237624.0,86970.0,5465.0,101703.0,195634.0,47734.0,2543.0,158072.0
gujarat,ahmadabad,353169.0,143033.0,7063.0,116192.0,1845383.0,441046.0,11072.0,1699597.0
gujarat,surendranagar,340788.0,124046.0,7838.0,70883.0,159810.0,38034.0,2237.0,111867.0
gujarat,rajkot,459474.0,130490.0,6892.0,202168.0,721532.0,158015.0,7936.0,624125.0
gujarat,jamnagar,347158.0,104494.0,5554.0,120810.0,299167.0,68808.0,2991.0,250701.0
gujarat,porbandar,96015.0,29188.0,2208.0,37541.0,87557.0,21539.0,1138.0,67769.0
gujarat,junagadh,489237.0,159980.0,8317.0,225049.0,287506.0,68713.0,4025.0,246392.0
gujarat,amreli,313714.0,90663.0,5333.0,163444.0,116899.0,28874.0,1168.0,91648.0
gujarat,bhavnagar,387251.0,128567.0,5808.0,124307.0,356826.0,91704.0,3925.0,291170.0
gujarat,anand,413078.0,170601.0,8674.0,170601.0,208909.0,54525.0,2715.0,173394.0
gujarat,kheda,461479.0,194744.0,11536.0,117215.0,160547.0,40136.0,2408.0,126029.0
gujarat,panch mahals,463363.0,233534.0,12047.0,78771.0,104238.0,25434.0,1146.0,87664.0
gujarat,dohad,323697.0,192599.0,6797.0,19745.0,52807.0,12462.0,580.0,37915.0
gujarat,vadodara,547454.0,251828.0,10949.0,156024.0,692971.0,137901.0,5543.0,636840.0
gujarat,narmada,138121.0,60635.0,1795.0,22099.0,22248.0,7497.0,422.0,16619.0
gujarat,bharuch,300677.0,114858.0,4510.0,137710.0,181319.0,36626.0,1087.0,162099.0
gujarat,the dangs,52102.0,18913.0,573.0,13181.0,7516.0,2014.0,52.0,4344.0
gujarat,navsari,267739.0,92369.0,3748.0,119143.0,141417.0,28283.0,1272.0,121194.0
gujarat,valsad,262410.0,104176.0,3411.0,72425.0,235981.0,58051.0,2123.0,179345.0
gujarat,surat,369840.0,114280.0,4438.0,184550.0,1529998.0,302939.0,7649.0,1435138.0
gujarat,tapi,192272.0,69794.0,1922.0,44222.0,26217.0,7812.0,209.0,20318.0
daman and diu,diu,9788.0,1243.0,29.0,4238.0,9062.0,969.0,18.0,6769.0
daman and diu,daman,10006.0,2641.0,90.0,5733.0,61073.0,22658.0,366.0,53011.0
dadra and nagar haveli,dadra and nagar haveli,48221.0,21940.0,385.0,12778.0,60562.0,12596.0,121.0,49236.0
maharashtra,nandurbar,333440.0,163052.0,13004.0,74357.0,71572.0,20899.0,2361.0,45448.0
maharashtra,dhule,382777.0,143158.0,13014.0,71579.0,146013.0,33144.0,2336.0,95346.0
maharashtra,jalgaon,796223.0,309730.0,43792.0,179946.0,373565.0,101236.0,6350.0,242443.0
maharashtra,buldana,575405.0,269864.0,38552.0,167442.0,152787.0,52558.0,5347.0,93047.0
maharashtra,akola,308158.0,146375.0,21879.0,95220.0,196077.0,66274.0,7254.0,141763.0
maharashtra,washim,274925.0,127290.0,18419.0,75604.0,55921.0,19963.0,1453.0,37634.0
maharashtra,amravati,508921.0,226978.0,33588.0,209166.0,272894.0,85415.0,7913.0,214494.0
maharashtra,wardha,268486.0,117328.0,25506.0,126725.0,120218.0,28852.0,4448.0,94250.0
maharashtra,nagpur,430844.0,168029.0,35760.0,198619.0,877522.0,207972.0,24570.0,789769.0
maharashtra,bhandara,283843.0,123755.0,22991.0,158384.0,72575.0,18143.0,2467.0,61180.0
maharashtra,gondiya,319702.0,128839.0,16624.0,151858.0,66813.0,18039.0,2204.0,51646.0
maharashtra,gadchiroli,293586.0,125067.0,25541.0,65176.0,37254.0,10058.0,1490.0,24550.0
maharashtra,chandrapur,451324.0,186396.0,50548.0,131335.0,233331.0,58799.0,7933.0,167298.0
maharashtra,yavatmal,629243.0,295114.0,50968.0,137174.0,168889.0,49484.0,6586.0,115182.0
maharashtra,nanded,591119.0,302652.0,46107.0,113494.0,230563.0,80697.0,9222.0,168772.0
maharashtra,hingoli,242456.0,113226.0,14547.0,65220.0,41913.0,16220.0,1299.0,27536.0
maharashtra,parbhani,293480.0,138816.0,24358.0,39032.0,133759.0,47885.0,5885.0,89484.0
maharashtra,jalna,404746.0,165945.0,27927.0,118185.0,98084.0,35800.0,3040.0,68854.0
maharashtra,aurangabad,551789.0,219060.0,44143.0,109254.0,427343.0,96579.0,5982.0,373497.0
maharashtra,nashik,904661.0,312108.0,50661.0,265065.0,764271.0,185717.0,19106.0,528111.0
maharashtra,thane,713994.0,262749.0,41411.0,283455.0,2904157.0,630202.0,31945.0,2163596.0
maharashtra,raigarh,581868.0,164668.0,20947.0,296170.0,377160.0,66757.0,4148.0,305499.0
maharashtra,pune,1165718.0,278606.0,57120.0,720413.0,2056739.0,429858.0,26737.0,1655674.0
maharashtra,ahmadnagar,1041393.0,318666.0,77063.0,407184.0,282011.0,65144.0,7050.0,207560.0
maharashtra,bid,563114.0,230876.0,45049.0,86719.0,135457.0,41720.0,3928.0,93600.0
maharashtra,latur,428616.0,171875.0,24431.0,106296.0,157016.0,48046.0,4082.0,122315.0
maharashtra,osmanabad,367158.0,140254.0,22763.0,81509.0,77832.0,24594.0,2179.0,44986.0
maharashtra,solapur,779929.0,230858.0,60834.0,250357.0,376302.0,115901.0,7149.0,229167.0
maharashtra,satara,774522.0,215317.0,41049.0,542939.0,200949.0,41596.0,5425.0,151515.0
maharashtra,ratnagiri,538538.0,154560.0,22080.0,361897.0,100824.0,16736.0,1915.0,82675.0
maharashtra,sindhudurg,295847.0,81653.0,13608.0,220110.0,44989.0,10707.0,1349.0,39050.0
maharashtra,kolhapur,796496.0,193548.0,15929.0,592593.0,382818.0,84985.0,4593.0,285965.0
maharashtra,sangli,626872.0,171762.0,31970.0,379257.0,226801.0,57380.0,5443.0,175997.0
telangana,adilabad,597466.0,213295.0,38835.0,82450.0,220248.0,51758.0,6166.0,155715.0
telangana,nizamabad,565165.0,179722.0,24302.0,166158.0,155133.0,39403.0,3412.0,132638.0
telangana,karimnagar,877236.0,284224.0,44739.0,300014.0,288044.0,60489.0,5184.0,243109.0
telangana,medak,593653.0,205403.0,26120.0,188781.0,195479.0,37922.0,2345.0,165375.0
telangana,rangareddy,432098.0,110184.0,9506.0,187962.0,1129224.0,182934.0,7904.0,1084055.0
telangana,mahbubnagar,848963.0,261480.0,52635.0,151964.0,161052.0,30599.0,2737.0,125781.0
telangana,nalgonda,833504.0,285058.0,49176.0,265887.0,197433.0,47976.0,3356.0,160315.0
telangana,warangal,758738.0,294390.0,64492.0,225345.0,288249.0,68315.0,8359.0,237517.0
telangana,khammam,669262.0,226879.0,34801.0,250303.0,201363.0,45508.0,4429.0,171964.0
andhra pradesh,srikakulam,752752.0,241633.0,26346.0,96352.0,149684.0,32032.0,2544.0,98641.0
andhra pradesh,vizianagaram,592458.0,183069.0,19551.0,63393.0,157056.0,31411.0,2984.0,104285.0
andhra pradesh,visakhapatnam,718847.0,213497.0,23003.0,153833.0,660493.0,112283.0,7265.0,551511.0
andhra pradesh,east godavari,1199479.0,364641.0,46779.0,563755.0,406362.0,84929.0,6908.0,354754.0
andhra pradesh,west godavari,1007255.0,302176.0,48348.0,593273.0,248373.0,52406.0,5464.0,220306.0
andhra pradesh,krishna,909292.0,280061.0,40008.0,511022.0,567042.0,113975.0,9639.0,527349.0
andhra pradesh,guntur,1069877.0,331661.0,44934.0,497492.0,513113.0,112371.0,9749.0,442816.0
andhra pradesh,prakasam,873486.0,260298.0,36686.0,244576.0,214089.0,45386.0,4281.0,165704.0
andhra pradesh,sri potti sriramulu nellore,689137.0,192269.0,29632.0,175729.0,264376.0,43886.0,5023.0,208328.0
andhra pradesh,y.s.r.,590589.0,129338.0,15355.0,167727.0,293504.0,54591.0,3228.0,232161.0
andhra pradesh,kurnool,783853.0,211640.0,25867.0,216343.0,306982.0,64466.0,4297.0,223175.0
andhra pradesh,anantapur,902997.0,195950.0,26186.0,198659.0,341431.0,71359.0,4438.0,260170.0
andhra pradesh,chittoor,,,,,395900.0,58197.0,4750.0,322658.0
karnataka,belgaum,962777.0,370669.0,45250.0,178113.0,356198.0,90830.0,6767.0,257887.0
karnataka,bagalkot,324799.0,139338.0,16889.0,23385.0,165858.0,54567.0,6136.0,70489.0
karnataka,bijapur,396449.0,165319.0,26958.0,19822.0,131041.0,36298.0,3800.0,77969.0
karnataka,bidar,287134.0,162804.0,14356.0,25267.0,102269.0,30680.0,3068.0,69645.0
karnataka,raichur,330446.0,142752.0,23461.0,33044.0,125402.0,38749.0,4514.0,63202.0
karnataka,koppal,272968.0,107549.0,14194.0,32756.0,64681.0,17269.0,2393.0,31305.0
karnataka,gadag,180066.0,75267.0,9183.0,16566.0,111906.0,39950.0,3804.0,47336.0
karnataka,dharwad,199707.0,80681.0,7788.0,46132.0,283397.0,82185.0,5667.0,232385.0
karnataka,uttara kannada,334281.0,160789.0,21393.0,169146.0,140511.0,52410.0,4496.0,113251.0
karnataka,haveri,315076.0,141469.0,15753.0,88851.0,98488.0,29447.0,2856.0,68646.0
karnataka,bellary,371604.0,148269.0,20066.0,44964.0,251876.0,72540.0,7556.0,159941.0
karnataka,chitradurga,349704.0,157366.0,20632.0,66793.0,97644.0,30953.0,1952.0,72158.0
karnataka,davanagere,354680.0,163507.0,20571.0,105694.0,176011.0,54035.0,4928.0,142392.0
karnataka,shimoga,352444.0,161419.0,25728.0,217810.0,201662.0,64935.0,6453.0,176857.0
karnataka,udupi,269817.0,93086.0,11332.0,225567.0,115572.0,28893.0,2427.0,110949.0
karnataka,chikmagalur,311660.0,141805.0,17141.0,168608.0,80766.0,24633.0,2342.0,72204.0
karnataka,tumkur,685443.0,280346.0,39755.0,125436.0,204799.0,57138.0,5119.0,168959.0
karnataka,bangalore,300576.0,86565.0,7514.0,224830.0,2967384.0,590509.0,32641.0,2872427.0
karnataka,mandya,458867.0,202819.0,20649.0,126188.0,103435.0,31961.0,3206.0,88850.0
karnataka,hassan,496103.0,241602.0,30758.0,132459.0,132878.0,39464.0,3189.0,119457.0
karnataka,dakshina kannada,332919.0,135830.0,12318.0,293301.0,317373.0,83469.0,5077.0,309756.0
karnataka,kodagu,181182.0,72472.0,8334.0,142771.0,31792.0,10618.0,1017.0,30838.0
karnataka,mysore,540596.0,259486.0,28651.0,145960.0,380386.0,108410.0,8368.0,358323.0
karnataka,chamarajanagar,262680.0,124773.0,18387.0,40452.0,57200.0,21392.0,2574.0,36779.0
karnataka,gulbarga,400704.0,173905.0,14826.0,18031.0,199303.0,57399.0,2989.0,135924.0
karnataka,yadgir,207787.0,106386.0,11428.0,8934.0,55208.0,18991.0,1601.0,22193.0
karnataka,kolar,326567.0,133565.0,16654.0,83274.0,151042.0,47729.0,2416.0,121135.0
karnataka,chikkaballapura,315649.0,120893.0,15466.0,72599.0,94053.0,26240.0,1504.0,79286.0
karnataka,bangalore rural,231052.0,84333.0,8548.0,174444.0,95410.0,27764.0,1621.0,87109.0
karnataka,ramanagara,266950.0,116123.0,18152.0,74746.0,84834.0,29013.0,2714.0,75078.0
goa,north goa,115859.0,26647.0,2085.0,79595.0,209230.0,41009.0,2301.0,178473.0
goa,south goa,88620.0,20737.0,1772.0,65401.0,162873.0,39741.0,2443.0,138767.0
lakshadweep,lakshadweep,5289.0,2161.0,92.0,5186.0,15953.0,2284.0,76.0,15587.0
kerala,kasaragod,251641.0,80273.0,19124.0,223457.0,166164.0,30740.0,4486.0,160514.0
kerala,kannur,306288.0,95255.0,18989.0,294955.0,566191.0,109841.0,11890.0,557698.0
kerala,wayanad,266183.0,94228.0,23956.0,244089.0,11805.0,4722.0,649.0,11250.0
kerala,kozhikode,323793.0,87747.0,21370.0,314079.0,666543.0,128642.0,23995.0,654545.0
kerala,malappuram,634543.0,175133.0,26650.0,612333.0,522586.0,111310.0,13064.0,514747.0
kerala,palakkad,665899.0,235728.0,35958.0,587322.0,228442.0,64192.0,7538.0,216791.0
kerala,thrissur,336748.0,118535.0,17174.0,326308.0,715119.0,203808.0,29319.0,702961.0
kerala,ernakulam,369694.0,109429.0,18484.0,358233.0,804997.0,179514.0,24954.0,791312.0
kerala,idukki,391610.0,172700.0,32503.0,347358.0,20823.0,4893.0,291.0,20677.0
kerala,kottayam,481967.0,168688.0,22170.0,462688.0,196194.0,51991.0,5101.0,192662.0
kerala,alappuzha,331419.0,99094.0,25519.0,301259.0,392117.0,104695.0,25487.0,371334.0
kerala,pathanamthitta,414992.0,125327.0,20334.0,388847.0,57848.0,13709.0,1619.0,55534.0
kerala,kollam,523715.0,156590.0,39278.0,487054.0,401415.0,97945.0,22077.0,386964.0
kerala,thiruvananthapuram,559293.0,191278.0,57047.0,513990.0,609824.0,157944.0,37199.0,587260.0
tamil nadu,thiruvallur,387237.0,125464.0,12778.0,109588.0,732196.0,132527.0,7321.0,650190.0
tamil nadu,kancheepuram,438799.0,139099.0,10092.0,128568.0,774705.0,136348.0,6197.0,663147.0
tamil nadu,vellore,653499.0,181672.0,15030.0,125471.0,486801.0,102228.0,7302.0,346602.0
tamil nadu,tiruvannamalai,563102.0,163299.0,12951.0,70387.0,147061.0,27500.0,1911.0,95736.0
tamil nadu,viluppuram,808042.0,290895.0,16160.0,106661.0,159272.0,37906.0,2389.0,104482.0
tamil nadu,salem,572813.0,184445.0,13174.0,83630.0,597539.0,145799.0,7768.0,328048.0
tamil nadu,namakkal,370357.0,94070.0,6666.0,115551.0,257127.0,62481.0,3085.0,140391.0
tamil nadu,erode,411286.0,117627.0,8225.0,138603.0,432398.0,102910.0,4756.0,275869.0
tamil nadu,the nilgiris,112126.0,38795.0,2354.0,47429.0,151979.0,55320.0,2887.0,89515.0
tamil nadu,dindigul,443818.0,139802.0,7988.0,83881.0,269724.0,69858.0,3776.0,154821.0
tamil nadu,karur,212241.0,61549.0,4669.0,48815.0,152420.0,30636.0,1371.0,102273.0
tamil nadu,tiruchirappalli,452707.0,134906.0,10864.0,108649.0,423020.0,90526.0,5076.0,313880.0
tamil nadu,perambalur,155413.0,46934.0,3419.0,24244.0,33179.0,5607.0,298.0,18314.0
tamil nadu,ariyalur,223955.0,84878.0,7614.0,31801.0,30322.0,8399.0,606.0,15555.0
tamil nadu,cuddalore,497429.0,193499.0,11938.0,98988.0,260780.0,68845.0,3911.0,178895.0
tamil nadu,nagapattinam,399016.0,178360.0,12768.0,124492.0,118724.0,36804.0,2849.0,82750.0
tamil nadu,thiruvarur,321331.0,143956.0,13174.0,101219.0,86848.0,24230.0,1476.0,63225.0
tamil nadu,thanjavur,479070.0,206479.0,21558.0,137972.0,274302.0,78724.0,5486.0,205177.0
tamil nadu,pudukkottai,399712.0,157886.0,16787.0,70749.0,104229.0,26161.0,1667.0,72230.0
tamil nadu,sivaganga,309224.0,98024.0,9276.0,73904.0,143193.0,31502.0,2004.0,112406.0
tamil nadu,madurai,417718.0,134087.0,8772.0,86467.0,592723.0,102541.0,4741.0,502629.0
tamil nadu,theni,189328.0,66643.0,3975.0,46953.0,221295.0,66167.0,2876.0,115073.0
tamil nadu,virudhunagar,363782.0,98221.0,6184.0,53112.0,370942.0,71591.0,3338.0,173971.0
tamil nadu,ramanathapuram,290478.0,99924.0,8714.0,65357.0,126761.0,31817.0,2028.0,89493.0
tamil nadu,thoothukkudi,336078.0,112586.0,6721.0,94773.0,300661.0,69753.0,3908.0,219783.0
tamil nadu,tirunelveli,547962.0,166032.0,8767.0,181923.0,516705.0,129692.0,5683.0,325007.0
tamil nadu,kanniyakumari,104253.0,37114.0,2814.0,86634.0,493788.0,162950.0,14813.0,436508.0
tamil nadu,dharmapuri,396819.0,131347.0,9920.0,42459.0,91107.0,20954.0,1457.0,53753.0
tamil nadu,krishnagiri,437988.0,143222.0,9635.0,84093.0,142552.0,26087.0,855.0,111618.0
tamil nadu,coimbatore,284795.0,78033.0,4556.0,94836.0,884957.0,213274.0,7079.0,689381.0
tamil nadu,tiruppur,356886.0,98500.0,6067.0,110277.0,538022.0,126973.0,3766.0,403516.0
pondicherry,pondicherry,87296.0,27847.0,2269.0,31251.0,203741.0,38710.0,2444.0,168086.0
pondicherry,karaikal,35618.0,13107.0,747.0,16954.0,33715.0,7080.0,404.0,25083.0
andaman and nicobar islands,nicobars,15958.0,3798.0,191.0,12910.0,,,,
andaman and nicobar islands,north  and middle andaman,39091.0,17317.0,1055.0,18763.0,1094.0,611.0,72.0,613.0
andaman and nicobar islands,south andaman,34901.0,11691.0,1221.0,22580.0,50631.0,10835.0,607.0,44454.0
nct of delhi,new delhi,,,,,52664.0,15167.0,1948.0,41025.0
nct of delhi,central,,,,,194897.0,76594.0,6236.0,176966.0
west bengal,kolkata,,,,,1308106.0,404204.0,35318.0,1241392.0
maharashtra,mumbai suburban,,,,,3078829.0,834362.0,43103.0,1684119.0
maharashtra,mumbai,,,,,1107321.0,290118.0,16609.0,741905.0
telangana,hyderabad,,,,,1066289.0,203661.0,9596.0,1050294.0
tamil nadu,chennai,,,,,1314125.0,228657.0,11827.0,1256303.0
pondicherry,yanam,,,,,15519.0,2389.0,108.0,12710.0
pondicherry,mahe,,,,,12110.0,1913.0,133.0,11843.0
